month_year,dimension,label,projects,original_cost,revised_cost,expenditure
2025-07,sector,Railways,254,676815.96,813263.75,505345.1
2025-07,sector,Coal,120,172035.27,172949.57,53891.88
2025-07,sector,Oil & Gas,93,353990.1,385767.25,186037.3
2025-07,sector,Transmission & Distribution,61,142976.51,145116.35,49396.47
2025-07,sector,Water Resources,45,97037.25,215274.27,143185.74
2025-07,sector,Electricity Generation,36,270929.87,324545.64,152917.99
2025-07,sector,Education,30,12754.41,12685.45,8277.36
2025-07,sector,Aviation & Aviation Infrastructure,27,23265.01,23726.21,5883.97
2025-07,sector,Urban Public Transport,22,225314.77,232998.3,158062.15
2025-07,sector,Steel,19,16748.25,19986.54,7759.53
2025-07,sector,Energy Storage,17,82155.48,114517.17,90143.76
2025-07,sector,Telecommunication,15,151089.45,273181.98,71833.18
2025-07,sector,Real Estate,13,48889.42,48889.42,6978.99
2025-07,sector,Waste & Water,10,4449.12,4449.12,1690.56
2025-07,sector,Metals & Mining,10,14436.35,16872.72,6106.21
2025-07,sector,Inland Waterways,6,77123.82,77734.79,53119.45
2025-07,sector,Shipping,5,4823.34,4823.34,1812.05
2025-07,sector,Healthcare,4,4848.0,5185.95,2704.56
2025-07,sector,Construction ,2,901.9,901.89,596.8
2025-07,sector,"Tourism, Hospitality & Wellness",2,5751.0,6639.05,4957.35
2025-07,state,Maharashtra,107,414971.85,521281.01,357995.51
2025-07,state,Gujarat,75,405146.58,526207.25,392988.46
2025-07,state,Odisha,65,180071.08,191843.58,90470.49
2025-07,state,Jharkhand,63,159658.2,171458.1,68331.15
2025-07,state,Uttar Pradesh,61,249569.33,336312.96,247610.89
2025-07,state,West Bengal,59,129773.2,142074.67,66302.66
2025-07,state,Rajasthan,54,212893.22,318594.63,236315.69
2025-07,state,Madhya Pradesh,52,171221.49,179391.3,76312.85
2025-07,state,Chhattisgarh,52,127408.22,132722.99,52960.55
2025-07,state,Bihar,51,128298.58,141736.55,75386.75
2025-07,state,Andhra Pradesh,50,127160.49,181241.29,101251.27
2025-07,state,Karnataka,40,98727.32,113737.94,70725.32
2025-07,state,Telangana,33,49890.46,79413.35,30819.11
2025-07,state,Assam,30,69656.63,106734.33,80969.88
2025-07,state,Delhi,28,141564.27,142339.26,55790.54
2025-07,state,Tamil Nadu,22,115550.2,127301.91,61489.12
2025-07,state,Haryana,16,129309.06,206436.12,168807.21
2025-07,state,Punjab,14,39018.37,40499.16,22207.78
2025-07,state,Jammu & Kashmir,14,28221.18,28261.4,15630.63
2025-07,state,Himachal Pradesh,11,25881.08,30480.13,13651.69
2025-07,state,Kerala,10,14506.11,20064.06,9008.34
2025-07,state,Arunachal Pradesh,10,101282.16,151695.37,103229.07
2025-07,state,Sikkim,8,29905.83,34976.65,29018.59
2025-07,state,Uttarakhand,7,54002.87,68408.94,45172.91
2025-07,state,Nagaland,6,23666.28,25254.95,17111.35
2025-07,state,Tripura,4,15241.66,16752.51,12160.19
2025-07,state,Manipur,4,16324.77,18286.24,13626.88
2025-07,state,Meghalaya,4,15842.81,17431.48,12250.31
2025-07,state,Goa,4,6560.66,6938.79,6413.08
2025-07,state,Ladakh,3,1105.6,1229.84,854.85
2025-07,state,Dadra & Nagar Haveli and Daman & Diu,3,112756.26,112756.26,82839.35
2025-07,state,Mizoram,3,14850.56,16439.23,11796.04
2025-07,state,Puducherry,2,1331.34,1525.34,1107.62
2025-07,state,Chandigarh,1,285.85,285.85,127.58
2025-07,state,Andaman & Nicobar,1,209.88,209.88,0.0
2025-07,progress_slab,0,200,483858.55,498997.9,75180.35
2025-07,progress_slab,10,64,268295.85,273984.69,29126.26
2025-07,progress_slab,20,54,92549.44,98351.17,20390.44
2025-07,progress_slab,30,34,42608.32,48187.41,16585.98
2025-07,progress_slab,40,46,77261.85,79821.02,35261.65
2025-07,progress_slab,50,51,207963.63,223488.89,138642.29
2025-07,progress_slab,60,51,153094.54,169472.92,105060.94
2025-07,progress_slab,70,64,164266.16,205400.42,136664.09
2025-07,progress_slab,80,98,431754.42,677909.69,400381.9
2025-07,progress_slab,90,122,458521.96,612693.0,543359.11
2025-07,progress_slab,100,7,6160.56,11201.65,10047.39
2025-07,portfolio,All projects,0,2386335.0,2899509.0,1510700.0
2025-08,sector,Railways,265,694806.78,841006.53,525897.83
2025-08,sector,Coal,119,168889.82,166627.82,54350.12
2025-08,sector,Oil & Gas,90,351248.78,383479.93,184032.26
2025-08,sector,Transmission & Distribution,61,142976.51,149491.25,52183.05
2025-08,sector,Water Resources,40,93248.95,195107.96,138396.86
2025-08,sector,Electricity Generation,35,270283.7,329636.76,155932.21
2025-08,sector,Waste & Water,33,10124.72,10124.72,20705.99
2025-08,sector,Education,30,12754.41,12685.45,8159.38
2025-08,sector,Aviation & Aviation Infrastructure,26,23049.84,23511.04,24879.77
2025-08,sector,Urban Public Transport,21,223016.77,243598.3,159569.88
2025-08,sector,Steel,19,16748.25,19986.54,7969.76
2025-08,sector,Energy Storage,16,81301.48,120185.17,90497.54
2025-08,sector,Telecommunication,14,150849.85,272942.38,72122.54
2025-08,sector,Metals & Mining,10,14436.35,16872.72,6190.03
2025-08,sector,Real Estate,6,37591.1,37591.1,552.88
2025-08,sector,Shipping,5,4823.34,4823.34,2020.93
2025-08,sector,Healthcare,4,4848.0,5185.95,2752.22
2025-08,sector,Inland Waterways,3,72858.82,72550.79,30287.07
2025-08,sector,Construction ,2,901.9,901.89,612.46
2025-08,sector,"Tourism, Hospitality & Wellness",1,573.0,1238.05,496.63
2025-08,state,Maharashtra,108,408703.59,527681.39,357609.4
2025-08,state,Gujarat,73,397607.96,525462.88,394515.63
2025-08,state,Jharkhand,64,159298.46,171098.36,71213.36
2025-08,state,Odisha,63,181268.62,189864.84,93795.09
2025-08,state,Uttar Pradesh,62,250078.33,336422.4,266754.07
2025-08,state,West Bengal,58,129564.84,141866.29,67125.94
2025-08,state,Rajasthan,54,212893.14,325116.55,237371.17
2025-08,state,Madhya Pradesh,54,166095.43,178215.77,83662.69
2025-08,state,Andhra Pradesh,51,130551.7,184356.5,101854.1
2025-08,state,Chhattisgarh,51,123601.17,128915.94,51139.69
2025-08,state,Bihar,49,125377.44,136380.01,70793.13
2025-08,state,Karnataka,40,97995.94,113376.03,71868.7
2025-08,state,Assam,32,68791.17,106598.87,85144.57
2025-08,state,Telangana,31,47368.35,63929.78,29725.77
2025-08,state,Delhi,27,136838.1,137390.09,52467.4
2025-08,state,Tamil Nadu,20,114834.03,126585.74,40378.81
2025-08,state,Haryana,18,129800.26,206927.45,171957.43
2025-08,state,Punjab,16,39563.9,41044.69,23547.2
2025-08,state,Jammu & Kashmir,14,28221.18,33998.69,16163.53
2025-08,state,Himachal Pradesh,11,25881.08,30480.26,14310.48
2025-08,state,Arunachal Pradesh,10,101282.16,162592.27,104473.14
2025-08,state,Kerala,9,14290.94,19848.89,8976.01
2025-08,state,Sikkim,8,29905.83,39351.55,29446.5
2025-08,state,Uttarakhand,7,54002.87,68408.94,46189.68
2025-08,state,Nagaland,6,23666.28,25254.95,17266.31
2025-08,state,Manipur,5,30647.77,40172.12,29261.54
2025-08,state,Meghalaya,4,15842.81,17431.48,12292.91
2025-08,state,Tripura,4,15241.66,16752.51,12218.08
2025-08,state,Mizoram,3,14850.56,16439.23,11838.64
2025-08,state,Ladakh,3,1105.6,1229.84,870.41
2025-08,state,Goa,3,6060.18,6438.31,6106.87
2025-08,state,Dadra & Nagar Haveli and Daman & Diu,3,112756.26,112756.26,84091.85
2025-08,state,Puducherry,2,1331.34,1525.34,1107.93
2025-08,state,Andaman & Nicobar,1,209.88,209.88,0.0
2025-08,progress_slab,0,175,381959.22,382705.77,24924.01
2025-08,progress_slab,10,70,282289.67,289794.82,30664.03
2025-08,progress_slab,20,53,87019.51,88945.7,17321.93
2025-08,progress_slab,30,30,52434.72,58762.54,20102.86
2025-08,progress_slab,40,49,138759.24,142691.53,65920.93
2025-08,progress_slab,50,55,183092.64,194433.24,123383.24
2025-08,progress_slab,60,57,184615.61,213927.08,132813.06
2025-08,progress_slab,70,69,167294.54,213364.32,139844.51
2025-08,progress_slab,80,103,406766.54,664991.64,383548.92
2025-08,progress_slab,90,131,481632.67,643643.88,573179.62
2025-08,progress_slab,100,8,9468.01,14287.17,25906.3
2025-08,portfolio,All projects,0,2375332.0,2907548.0,1537609.0
2025-09,sector,Railways,250,816697.63,965840.63,533163.69
2025-09,sector,Coal,120,174830.29,172568.29,56468.92
2025-09,sector,Oil & Gas,89,349435.78,378612.78,182908.81
2025-09,sector,Transmission & Distribution,65,149516.43,156031.17,57066.68
2025-09,sector,Water Resources,39,93740.23,193594.13,137305.9
2025-09,sector,Electricity Generation,35,270283.7,329636.76,160639.77
2025-09,sector,Waste & Water,33,10124.72,10124.72,34842.36
2025-09,sector,Education,29,12467.21,12401.18,7891.19
2025-09,sector,Aviation & Aviation Infrastructure,26,23049.84,23511.04,24583.31
2025-09,sector,Urban Public Transport,22,235216.87,255798.4,167262.65
2025-09,sector,Steel,20,19266.64,22504.93,8277.97
2025-09,sector,Energy Storage,16,81301.48,120224.17,91358.55
2025-09,sector,Telecommunication,15,152734.45,274826.98,72372.76
2025-09,sector,Metals & Mining,10,14436.35,16872.72,6382.86
2025-09,sector,Shipping,7,16499.18,16499.18,9272.35
2025-09,sector,Real Estate,6,37591.1,37591.1,646.25
2025-09,sector,Healthcare,4,4848.0,5185.95,2794.65
2025-09,sector,Inland Waterways,3,68792.18,68504.15,31128.36
2025-09,sector,Construction ,3,1545.9,1545.89,710.67
2025-09,sector,Logistics Infrastructure,1,171.0,211.61,137.51
2025-09,sector,"Tourism, Hospitality & Wellness",1,573.0,1238.05,496.63
2025-09,state,Maharashtra,109,425549.94,545048.73,377423.41
2025-09,state,Gujarat,74,401353.25,531213.33,397370.99
2025-09,state,Jharkhand,66,165923.86,178488.46,74395.55
2025-09,state,Uttar Pradesh,62,249968.17,334587.94,269509.89
2025-09,state,Odisha,57,174651.84,183248.03,95635.51
2025-09,state,Madhya Pradesh,56,170397.27,184925.26,87668.83
2025-09,state,Rajasthan,56,214933.5,327156.91,240321.52
2025-09,state,West Bengal,56,127647.51,139948.96,67550.35
2025-09,state,Chhattisgarh,52,120189.19,125088.44,56122.12
2025-09,state,Bihar,50,127584.25,138306.01,70965.93
2025-09,state,Andhra Pradesh,47,124362.24,178166.9,103275.67
2025-09,state,Karnataka,38,95655.64,111285.73,72873.2
2025-09,state,Assam,31,67041.17,101668.87,81258.0
2025-09,state,Telangana,31,44009.03,60570.46,30983.06
2025-09,state,Delhi,28,137284.31,137839.23,55072.28
2025-09,state,Tamil Nadu,19,114474.73,126476.44,41548.38
2025-09,state,Haryana,18,129800.26,206927.45,173408.71
2025-09,state,Punjab,16,39563.9,41045.05,25051.76
2025-09,state,Jammu & Kashmir,14,28221.18,34037.69,16446.59
2025-09,state,Himachal Pradesh,11,25881.08,30480.26,14495.05
2025-09,state,Arunachal Pradesh,11,101491.54,162801.65,104808.59
2025-09,state,Kerala,10,16089.94,21632.08,10386.58
2025-09,state,Sikkim,8,29905.83,39351.55,29561.28
2025-09,state,Uttarakhand,7,54002.87,68408.94,46396.68
2025-09,state,Nagaland,6,23666.28,25254.95,17524.86
2025-09,state,Manipur,5,30647.77,40172.12,29312.67
2025-09,state,Meghalaya,4,15842.81,17431.48,12344.04
2025-09,state,Tripura,4,15241.66,16752.51,12275.02
2025-09,state,Mizoram,3,14850.56,16439.23,11889.77
2025-09,state,Ladakh,3,1105.6,1229.84,926.56
2025-09,state,Goa,3,6060.18,6438.31,6131.17
2025-09,state,Dadra & Nagar Haveli and Daman & Diu,3,112756.26,112756.26,85453.18
2025-09,state,Puducherry,2,1331.34,1525.34,1107.93
2025-09,state,Andaman & Nicobar,1,209.88,209.88,0.0
2025-09,progress_slab,0,154,347612.72,347775.59,31666.72
2025-09,progress_slab,10,71,452825.8,460240.14,34247.64
2025-09,progress_slab,20,53,93571.95,93571.94,18794.03
2025-09,progress_slab,30,32,56064.67,64346.69,21634.93
2025-09,progress_slab,40,49,137595.4,143338.39,66860.49
2025-09,progress_slab,50,56,189135.19,205229.44,129954.69
2025-09,progress_slab,60,58,157839.08,180926.55,114463.61
2025-09,progress_slab,70,69,190427.08,238373.32,160772.73
2025-09,progress_slab,80,106,407650.15,666207.98,390512.51
2025-09,progress_slab,90,136,479372.1,637384.36,580459.42
2025-09,progress_slab,100,10,21027.84,25929.43,36345.07
2025-09,portfolio,All projects,0,2533122.0,3063324.0,1585712.0
2025-10,sector,Railways,259,842708.21,992533.85,538550.64
2025-10,sector,Coal,118,159637.96,157375.95,49200.05
2025-10,sector,Oil & Gas,86,348775.78,377914.55,185369.27
2025-10,sector,Transmission & Distribution,68,150796.17,157310.91,59403.74
2025-10,sector,Water Resources,39,93740.23,193594.13,138529.51
2025-10,sector,Electricity Generation,36,273619.55,332952.95,161521.88
2025-10,sector,Waste & Water,33,10124.72,10124.72,40330.65
2025-10,sector,Education,30,13373.68,13012.92,8462.33
2025-10,sector,Aviation & Aviation Infrastructure,26,23049.84,23511.04,24797.14
2025-10,sector,Urban Public Transport,22,235216.87,255798.4,168648.32
2025-10,sector,Steel,20,19266.64,22504.93,8653.34
2025-10,sector,Healthcare,19,8424.21,9004.56,5958.28
2025-10,sector,Energy Storage,16,81301.48,120224.17,93188.65
2025-10,sector,Telecommunication,15,152734.45,274826.98,77354.94
2025-10,sector,Metals & Mining,10,14436.35,16872.72,6490.07
2025-10,sector,Shipping,10,16923.41,17089.87,10374.98
2025-10,sector,Real Estate,6,37591.1,37591.1,648.73
2025-10,sector,Inland Waterways,3,68792.18,68504.15,32489.29
2025-10,sector,Construction ,3,1545.9,1545.89,719.36
2025-10,sector,"Tourism, Hospitality & Wellness",1,573.0,1238.05,496.63
2025-10,state,Maharashtra,113,430807.29,550307.85,383630.61
2025-10,state,Gujarat,76,397766.39,527744.09,400282.66
2025-10,state,Jharkhand,67,167382.99,180414.25,75601.09
2025-10,state,Odisha,62,182764.78,191361.01,97459.83
2025-10,state,Uttar Pradesh,60,248667.17,333516.47,270522.07
2025-10,state,West Bengal,57,129106.64,141339.08,68454.84
2025-10,state,Madhya Pradesh,57,170716.27,185244.26,89937.76
2025-10,state,Rajasthan,56,214933.5,327156.91,243520.53
2025-10,state,Andhra Pradesh,51,129035.81,182840.47,103817.32
2025-10,state,Bihar,51,128195.99,139384.37,71848.1
2025-10,state,Chhattisgarh,51,120260.7,125145.95,51522.28
2025-10,state,Karnataka,44,98956.79,114586.88,73896.35
2025-10,state,Telangana,34,47037.68,63599.11,32697.25
2025-10,state,Assam,32,67184.4,101823.62,82828.82
2025-10,state,Delhi,28,137284.31,137839.23,55696.04
2025-10,state,Tamil Nadu,20,114627.68,126629.84,43180.67
2025-10,state,Haryana,18,129800.26,206927.45,176073.39
2025-10,state,Jammu & Kashmir,15,28352.23,34202.62,18282.45
2025-10,state,Punjab,15,39196.9,40648.05,25979.99
2025-10,state,Himachal Pradesh,11,25881.08,30529.6,14620.04
2025-10,state,Arunachal Pradesh,11,101491.54,162801.65,106745.73
2025-10,state,Kerala,10,16089.94,21632.53,10598.45
2025-10,state,Uttarakhand,8,54105.27,68706.57,46289.99
2025-10,state,Sikkim,8,29905.83,39351.55,29020.53
2025-10,state,Nagaland,6,23666.28,25254.95,17779.34
2025-10,state,Manipur,6,31554.24,40783.86,30066.86
2025-10,state,Meghalaya,4,15842.81,17431.48,12549.56
2025-10,state,Tripura,4,15241.66,16752.51,12501.76
2025-10,state,Mizoram,3,14850.56,16439.23,12089.29
2025-10,state,Ladakh,3,1105.6,1229.84,979.43
2025-10,state,Goa,3,6060.18,6438.31,6370.26
2025-10,state,Dadra & Nagar Haveli and Daman & Diu,3,112756.26,112756.26,87178.19
2025-10,state,Puducherry,2,1331.34,1525.34,1128.28
2025-10,state,Andaman & Nicobar,1,209.88,209.88,0.0
2025-10,progress_slab,0,168,369058.14,369207.01,33566.81
2025-10,progress_slab,10,67,446089.06,453107.23,35284.46
2025-10,progress_slab,20,59,105237.84,105751.61,21016.65
2025-10,progress_slab,30,32,46543.46,54316.21,16823.82
2025-10,progress_slab,40,51,152235.66,156324.9,72481.12
2025-10,progress_slab,50,55,188241.04,206477.27,134736.93
2025-10,progress_slab,60,60,141378.93,157440.31,100069.83
2025-10,progress_slab,70,70,196605.91,251084.35,171338.69
2025-10,progress_slab,80,104,361933.85,618531.65,368079.92
2025-10,progress_slab,90,140,522957.11,683638.98,618990.81
2025-10,progress_slab,100,14,22350.73,27652.32,38798.76
2025-10,portfolio,All projects,0,2552632.0,3083532.0,1611188.0
2025-11,sector,Railways,260,696643.16,850436.57,544630.05
2025-11,sector,Coal,117,159359.32,157097.31,48896.62
2025-11,sector,Oil & Gas,95,355051.01,384189.78,188847.4
2025-11,sector,Transmission & Distribution,64,153554.68,159517.97,57184.49
2025-11,sector,Water Resources,39,93740.23,193594.13,139573.2
2025-11,sector,Electricity Generation,36,275175.55,336178.78,165130.23
2025-11,sector,Waste & Water,32,9937.92,9962.25,5975.01
2025-11,sector,Education,31,16021.65,15534.29,8505.19
2025-11,sector,Aviation & Aviation Infrastructure,25,19949.84,20411.04,9093.09
2025-11,sector,Urban Public Transport,23,238843.11,259424.64,171215.56
2025-11,sector,Steel,20,19266.64,22504.93,8979.27
2025-11,sector,Healthcare,20,13012.27,14296.95,4332.54
2025-11,sector,Energy Storage,18,81884.05,120806.74,94581.97
2025-11,sector,Telecommunication,15,152734.45,274826.98,77535.98
2025-11,sector,Shipping,9,15124.41,15290.87,8975.5
2025-11,sector,Metals & Mining,7,10044.36,12480.73,6763.36
2025-11,sector,Real Estate,6,37591.1,37591.1,715.23
2025-11,sector,Inland Waterways,3,68792.18,68504.15,33296.83
2025-11,sector,Construction ,2,899.37,899.37,194.43
2025-11,sector,"Tourism, Hospitality & Wellness",1,573.0,1238.05,515.97
2025-11,state,Maharashtra,114,435372.53,554677.16,379894.49
2025-11,state,Gujarat,75,395988.91,525967.16,402024.94
2025-11,state,Jharkhand,67,170388.09,181863.35,73353.53
2025-11,state,Odisha,61,179356.17,189046.89,98183.04
2025-11,state,West Bengal,61,134308.04,148733.14,70283.82
2025-11,state,Uttar Pradesh,60,247935.17,332784.47,250843.3
2025-11,state,Madhya Pradesh,58,172508.27,187060.59,84210.29
2025-11,state,Rajasthan,55,213267.5,324938.91,244937.07
2025-11,state,Bihar,53,132581.37,143769.91,72565.33
2025-11,state,Andhra Pradesh,52,133571.8,188108.37,104758.91
2025-11,state,Chhattisgarh,51,121342.23,129647.3,53182.02
2025-11,state,Karnataka,46,104499.78,120129.87,73388.15
2025-11,state,Telangana,34,47041.55,63602.98,33160.19
2025-11,state,Assam,33,68312.88,102952.1,82231.3
2025-11,state,Delhi,27,139411.5,139414.43,53496.64
2025-11,state,Tamil Nadu,20,114627.68,126405.91,43930.9
2025-11,state,Haryana,17,128134.26,205056.88,172309.3
2025-11,state,Punjab,15,39196.9,40648.05,24105.36
2025-11,state,Jammu & Kashmir,13,27745.4,33928.63,16676.95
2025-11,state,Himachal Pradesh,11,25881.08,31626.71,14967.86
2025-11,state,Kerala,11,16947.94,22490.53,9365.35
2025-11,state,Arunachal Pradesh,11,101491.54,162801.65,108201.68
2025-11,state,Uttarakhand,8,54105.27,68706.57,46938.78
2025-11,state,Sikkim,8,29905.83,38993.6,29809.05
2025-11,state,Nagaland,6,23666.28,25254.95,17940.18
2025-11,state,Manipur,6,31554.24,40783.86,30354.92
2025-11,state,Meghalaya,4,15842.81,17431.48,12649.52
2025-11,state,Mizoram,4,15076.27,16664.94,12199.56
2025-11,state,Tripura,4,15241.66,16752.51,12609.16
2025-11,state,Goa,3,6060.18,6438.31,6370.26
2025-11,state,Dadra & Nagar Haveli and Daman & Diu,3,112756.26,112756.26,88518.84
2025-11,state,Ladakh,2,816.89,941.13,719.08
2025-11,state,Puducherry,2,1331.34,1525.34,1128.32
2025-11,state,Andaman & Nicobar,1,209.88,209.88,0.0
2025-11,progress_slab,0,162,348004.54,348232.75,27511.01
2025-11,progress_slab,10,68,308121.81,315947.59,34397.19
2025-11,progress_slab,20,62,108753.34,109066.06,20895.63
2025-11,progress_slab,30,36,60466.12,67329.87,19289.5
2025-11,progress_slab,40,48,143445.17,145779.49,64130.51
2025-11,progress_slab,50,58,186198.55,210734.34,137725.63
2025-11,progress_slab,60,53,128426.99,136262.04,80816.34
2025-11,progress_slab,70,76,222205.01,287790.57,194278.48
2025-11,progress_slab,80,102,347228.62,596151.62,347373.47
2025-11,progress_slab,90,147,542376.19,708409.51,622589.18
2025-11,progress_slab,100,11,22971.96,29082.79,25934.98
2025-11,portfolio,All projects,0,2418198.0,2954787.0,1574942.0
2025-12,sector,Roads & Highways,584,527441.16,537798.67,185963.95
2025-12,sector,Railways,251,705752.59,856854.01,688175.12
2025-12,sector,Coal,115,158367.68,156105.67,48265.26
2025-12,sector,Oil & Gas,93,353462.93,381880.79,191900.78
2025-12,sector,Transmission & Distribution,63,152121.4,158084.97,59380.79
2025-12,sector,Water Resources,39,93740.23,193594.13,140622.27
2025-12,sector,Electricity Generation,37,280742.33,339525.34,150605.54
2025-12,sector,Waste & Water,31,9664.14,9688.47,5739.31
2025-12,sector,Education,29,15418.91,14866.73,8254.39
2025-12,sector,Aviation & Aviation Infrastructure,25,21237.66,22451.66,9260.93
2025-12,sector,Urban Public Transport,25,311946.96,332528.49,203575.23
2025-12,sector,Healthcare,22,16604.22,18612.53,5998.04
2025-12,sector,Steel,19,18161.41,21399.7,8617.56
2025-12,sector,Energy Storage,18,81884.05,120754.28,95874.25
2025-12,sector,Telecommunication,14,151923.46,274015.99,77210.74
2025-12,sector,Shipping,9,15124.41,15290.87,9130.93
2025-12,sector,Metals & Mining,7,10044.36,12480.73,6920.98
2025-12,sector,Real Estate,6,37591.1,37591.1,810.96
2025-12,sector,Inland Waterways,2,5546.18,5258.15,4100.49
2025-12,sector,Construction ,2,899.37,899.37,209.57
2025-12,sector,"Tourism, Hospitality & Wellness",1,573.0,1238.05,545.51
2025-12,state,Maharashtra,162,493558.1,611218.67,396863.94
2025-12,state,Uttar Pradesh,120,299855.03,376439.84,261553.31
2025-12,state,Andhra Pradesh,102,176614.11,230870.67,121981.56
2025-12,state,Bihar,97,182856.83,191794.13,141041.82
2025-12,state,Gujarat,97,378256.01,476486.48,359662.36
2025-12,state,Jharkhand,85,193068.88,204030.85,84908.77
2025-12,state,Odisha,85,190500.45,202191.92,102761.29
2025-12,state,Madhya Pradesh,77,204021.97,218560.02,92265.52
2025-12,state,West Bengal,72,142002.58,156778.23,73922.88
2025-12,state,Karnataka,70,140095.19,155173.84,87702.86
2025-12,state,Rajasthan,69,217412.95,328492.6,246815.92
2025-12,state,Assam,66,98017.38,133012.19,85302.0
2025-12,state,Telangana,64,63351.33,81524.5,41032.32
2025-12,state,Chhattisgarh,62,131321.36,140402.73,57869.78
2025-12,state,Tamil Nadu,45,151965.55,163654.12,58247.9
2025-12,state,Punjab,39,70472.29,75152.44,127749.5
2025-12,state,Jammu & Kashmir,33,50659.06,56480.41,26040.18
2025-12,state,Manipur,28,39986.65,49216.27,34905.07
2025-12,state,Kerala,26,58672.27,67012.35,23319.33
2025-12,state,Haryana,25,137386.26,214605.28,177431.8
2025-12,state,Himachal Pradesh,24,34965.13,42938.03,106359.59
2025-12,state,Nagaland,24,29533.33,31676.05,18412.67
2025-12,state,Delhi,19,133694.17,134853.51,52506.66
2025-12,state,Uttarakhand,18,61030.95,75214.72,50901.06
2025-12,state,Arunachal Pradesh,16,61698.52,86638.73,46251.95
2025-12,state,Mizoram,15,22069.22,23802.45,12836.17
2025-12,state,Sikkim,14,32535.04,41518.89,30259.5
2025-12,state,Meghalaya,13,19980.87,21504.72,12888.42
2025-12,state,Tripura,12,20132.36,21667.74,12663.22
2025-12,state,Goa,5,6928.4,7229.21,6677.59
2025-12,state,Ladakh,5,2001.16,2125.4,721.79
2025-12,state,Puducherry,4,5819.51,5841.01,2452.55
2025-12,state,Dadra & Nagar Haveli and Daman & Diu,3,112756.26,112756.26,89696.38
2025-12,state,Andaman & Nicobar,1,209.88,209.88,0.0
2025-12,progress_slab,0,257,429025.52,429796.89,28424.05
2025-12,progress_slab,10,71,270834.63,273160.01,31108.89
2025-12,progress_slab,20,76,175314.2,175122.97,32188.05
2025-12,progress_slab,30,65,89753.18,96528.03,26898.27
2025-12,progress_slab,40,77,164770.96,167483.61,66248.86
2025-12,progress_slab,50,96,223598.72,248398.38,151362.85
2025-12,progress_slab,60,102,144566.81,155916.38,75285.96
2025-12,progress_slab,70,150,300810.3,347545.45,226168.11
2025-12,progress_slab,80,164,393070.05,618323.57,411329.41
2025-12,progress_slab,90,307,753227.16,970803.12,834915.39
2025-12,progress_slab,100,27,23276.02,27841.29,17232.76
2025-12,portfolio,All projects,0,2968248.0,3510920.0,1901163.0
2026-01,sector,Roads & Highways,863,799040.39,814341.45,247872.26
2026-01,sector,Railways,251,697517.25,850970.91,700909.44
2026-01,sector,Coal,118,185977.27,183715.26,48546.78
2026-01,sector,Oil & Gas,93,353598.97,382327.64,191043.75
2026-01,sector,Transmission & Distribution,70,206140.79,212104.36,61527.48
2026-01,sector,Water Resources,39,93740.23,193594.13,140375.93
2026-01,sector,Electricity Generation,38,310690.33,369473.34,154880.77
2026-01,sector,Healthcare,37,21179.22,25630.61,9754.47
2026-01,sector,Waste & Water,31,9664.14,9732.67,5777.93
2026-01,sector,Education,30,15617.88,15065.7,8356.02
2026-01,sector,Urban Public Transport,28,335215.64,355797.17,205666.48
2026-01,sector,Aviation & Aviation Infrastructure,26,21600.76,22814.76,9677.27
2026-01,sector,Steel,19,18161.41,21399.7,8959.01
2026-01,sector,Energy Storage,17,81207.16,120038.39,96246.4
2026-01,sector,Telecommunication,14,151923.46,274015.99,77232.29
2026-01,sector,Shipping,9,15124.41,15290.87,9338.98
2026-01,sector,Metals & Mining,7,10044.36,12480.73,7172.81
2026-01,sector,Real Estate,6,37591.1,37582.1,13207.34
2026-01,sector,Construction ,2,899.37,899.37,222.37
2026-01,sector,Inland Waterways,2,5546.18,5258.15,4149.62
2026-01,sector,"Tourism, Hospitality & Wellness",1,573.0,1238.05,545.51
2026-01,sector,Logistics Infrastructure,1,763.0,763.0,430.0
2026-01,state,Maharashtra,180,507258.65,627146.77,412581.51
2026-01,state,Uttar Pradesh,159,376614.18,451984.71,269474.12
2026-01,state,Andhra Pradesh,125,200004.85,253484.2,131250.46
2026-01,state,Gujarat,119,415591.9,516772.67,374346.57
2026-01,state,Bihar,114,224527.85,234547.82,142083.45
2026-01,state,Madhya Pradesh,101,276043.14,290650.21,105842.49
2026-01,state,Jharkhand,96,194210.02,205152.0,82010.16
2026-01,state,Karnataka,96,171730.62,187507.72,93976.03
2026-01,state,Odisha,95,200733.13,213051.07,105025.04
2026-01,state,Assam,87,118789.14,154841.94,95308.98
2026-01,state,West Bengal,79,147217.35,162061.59,75364.46
2026-01,state,Rajasthan,75,247196.98,359788.86,261223.31
2026-01,state,Telangana,72,71522.17,90305.35,43061.9
2026-01,state,Chhattisgarh,68,136247.39,145735.51,59894.43
2026-01,state,Tamil Nadu,59,165660.89,176159.38,61638.0
2026-01,state,Punjab,48,82350.82,88861.2,131194.57
2026-01,state,Jammu & Kashmir,47,60822.0,67198.51,28932.36
2026-01,state,Haryana,37,157609.74,236918.46,180916.97
2026-01,state,Manipur,34,41847.27,51076.89,36106.77
2026-01,state,Uttarakhand,29,65408.12,79638.26,54479.07
2026-01,state,Kerala,29,61451.3,71147.72,24529.68
2026-01,state,Himachal Pradesh,27,37962.0,46932.99,107827.02
2026-01,state,Mizoram,25,29497.41,31230.64,14685.3
2026-01,state,Nagaland,25,29857.31,32000.03,19141.39
2026-01,state,Delhi,22,149255.97,152295.07,76581.9
2026-01,state,Arunachal Pradesh,20,65553.31,90493.52,46770.25
2026-01,state,Meghalaya,15,21497.25,22932.59,13205.77
2026-01,state,Sikkim,15,32785.04,42154.1,31399.16
2026-01,state,Tripura,14,21779.92,23315.3,12963.85
2026-01,state,Puducherry,5,7000.63,7414.19,2653.61
2026-01,state,Goa,5,6928.4,7229.21,6693.68
2026-01,state,Ladakh,5,2001.16,2125.4,1495.67
2026-01,state,Dadra & Nagar Haveli and Daman & Diu,4,114666.0,115408.5,91796.63
2026-01,state,Andaman & Nicobar,1,209.88,209.88,0.0
2026-01,progress_slab,0,300,562841.91,559414.42,25046.26
2026-01,progress_slab,10,98,289776.82,292524.04,30167.53
2026-01,progress_slab,20,88,179514.27,179098.92,34249.87
2026-01,progress_slab,30,78,118460.45,124481.87,32587.65
2026-01,progress_slab,40,90,215558.37,217258.55,91527.39
2026-01,progress_slab,50,104,219253.45,240688.29,146117.2
2026-01,progress_slab,60,114,165763.28,179261.38,93841.97
2026-01,progress_slab,70,164,313183.91,359426.95,232230.68
2026-01,progress_slab,80,191,402051.78,627092.8,408774.71
2026-01,progress_slab,90,409,845915.19,1079173.18,870091.1
2026-01,progress_slab,100,66,59496.89,66113.95,37258.55
2026-01,portfolio,All projects,0,3371816.0,3924534.0,2001893.0
2026-02,sector,Roads & Highways,1108,1023675.67,1051567.26,323514.82
2026-02,sector,Railways,247,693607.15,844707.36,563949.55
2026-02,sector,Coal,120,190252.37,187990.36,48934.69
2026-02,sector,Oil & Gas,96,367211.08,395613.29,191970.51
2026-02,sector,Transmission & Distribution,69,203950.25,209913.82,62393.44
2026-02,sector,Water Resources,41,117826.11,221647.32,157621.1
2026-02,sector,Electricity Generation,38,310690.33,369473.34,159125.31
2026-02,sector,Healthcare,37,21179.22,25630.61,9929.58
2026-02,sector,Education,30,15617.88,15065.7,8502.74
2026-02,sector,Waste & Water,30,9428.41,9496.94,5598.35
2026-02,sector,Urban Public Transport,28,335215.64,355797.17,208407.32
2026-02,sector,Aviation & Aviation Infrastructure,26,21600.76,22814.76,10079.87
2026-02,sector,Steel,19,18161.41,21399.7,9471.99
2026-02,sector,Energy Storage,17,81207.16,120038.39,98707.47
2026-02,sector,Telecommunication,14,151923.46,274015.99,77298.07
2026-02,sector,Shipping,9,15124.41,15290.87,9338.98
2026-02,sector,Metals & Mining,7,10044.36,12480.73,7284.31
2026-02,sector,Real Estate,6,37591.1,37582.1,13929.25
2026-02,sector,Construction ,2,899.37,899.37,232.77
2026-02,sector,Inland Waterways,2,5546.18,5258.15,4190.19
2026-02,sector,"Tourism, Hospitality & Wellness",1,573.0,1238.05,545.51
2026-02,sector,Logistics Infrastructure,1,763.0,763.0,430.0
2026-02,state,Maharashtra,215,545731.48,670461.98,424126.28
2026-02,state,Uttar Pradesh,180,429013.4,504586.99,286639.37
2026-02,state,Andhra Pradesh,141,207321.0,260802.22,135941.47
2026-02,state,Gujarat,127,429276.67,531759.28,383145.07
2026-02,state,Bihar,125,240033.81,249863.59,96430.33
2026-02,state,Madhya Pradesh,125,311491.93,324070.84,120464.0
2026-02,state,Karnataka,121,201206.49,221539.6,106628.39
2026-02,state,Odisha,108,209683.81,226185.72,117770.33
2026-02,state,Jharkhand,103,200605.38,211472.19,84515.18
2026-02,state,Assam,89,120747.03,156799.83,98670.14
2026-02,state,Telangana,88,85474.18,105123.11,47566.19
2026-02,state,West Bengal,86,151520.45,165472.81,78190.43
2026-02,state,Rajasthan,81,250247.95,361726.93,264451.69
2026-02,state,Chhattisgarh,79,145607.84,156000.68,63138.07
2026-02,state,Tamil Nadu,70,176320.25,182712.87,63410.1
2026-02,state,Punjab,54,88428.21,95425.29,45296.37
2026-02,state,Jammu & Kashmir,49,62939.64,69316.15,30884.54
2026-02,state,Uttarakhand,48,76978.62,91601.92,56935.86
2026-02,state,Haryana,44,167232.27,247202.68,185792.8
2026-02,state,Manipur,34,41306.42,50536.04,35718.08
2026-02,state,Himachal Pradesh,33,45165.7,55291.16,22437.9
2026-02,state,Kerala,31,70697.16,80124.93,26185.09
2026-02,state,Mizoram,25,29497.41,31230.64,14822.93
2026-02,state,Nagaland,25,29857.31,32000.03,19497.61
2026-02,state,Delhi,24,153628.9,158522.94,81628.2
2026-02,state,Arunachal Pradesh,22,66941.63,91921.74,47744.71
2026-02,state,Sikkim,17,33314.72,42915.98,32007.15
2026-02,state,Meghalaya,15,21497.25,22932.59,13294.61
2026-02,state,Tripura,13,21323.04,22858.42,13038.77
2026-02,state,Goa,7,7789.73,7943.74,6782.69
2026-02,state,Puducherry,6,8358.94,8576.63,3736.95
2026-02,state,Dadra & Nagar Haveli and Daman & Diu,5,114864.06,115648.07,92998.89
2026-02,state,Andaman & Nicobar,4,863.85,1291.36,0.0
2026-02,state,Ladakh,4,1602.79,1727.03,1276.19
2026-02,progress_slab,0,291,566383.95,564502.81,31616.87
2026-02,progress_slab,10,127,292504.17,294890.11,33122.82
2026-02,progress_slab,20,125,239194.17,235596.18,37169.38
2026-02,progress_slab,30,98,144451.41,149584.0,42500.66
2026-02,progress_slab,40,114,237011.7,237473.8,97176.55
2026-02,progress_slab,50,126,246704.72,264285.95,153583.17
2026-02,progress_slab,60,120,155867.48,169287.35,88878.76
2026-02,progress_slab,70,177,314019.74,354923.0,227374.08
2026-02,progress_slab,80,209,414309.31,641760.03,323079.99
2026-02,progress_slab,90,470,936466.27,1189954.21,885830.02
2026-02,progress_slab,100,91,85175.4,96426.84,51123.52
2026-02,portfolio,All projects,0,3632088.0,4198684.0,1971456.0
2026-03,sector,Roads & Highways,1120,1034561.22,1060739.73,351917.45
2026-03,sector,Railways,246,690682.92,841906.58,571254.58
2026-03,sector,Coal,119,189003.44,186741.43,49559.67
2026-03,sector,Oil & Gas,93,363711.6,392245.55,198328.45
2026-03,sector,Transmission & Distribution,68,203786.64,209750.21,65534.82
2026-03,sector,Water Resources,41,117826.11,221647.32,159574.65
2026-03,sector,Healthcare,36,20969.86,25421.25,10008.54
2026-03,sector,Electricity Generation,36,303249.73,358519.34,156578.82
2026-03,sector,Waste & Water,30,9428.41,9496.94,5639.26
2026-03,sector,Education,30,15617.88,15065.7,8781.28
2026-03,sector,Aviation & Aviation Infrastructure,26,21600.76,22814.76,10583.3
2026-03,sector,Urban Public Transport,26,299557.47,320189.0,180184.42
2026-03,sector,Steel,18,17811.66,21049.95,9797.06
2026-03,sector,Energy Storage,15,80140.16,118910.68,100403.08
2026-03,sector,Telecommunication,12,151125.15,273253.44,77020.95
2026-03,sector,Shipping,7,14726.15,14766.76,9770.72
2026-03,sector,Metals & Mining,6,9689.36,11899.73,7407.84
2026-03,sector,Real Estate,6,37591.1,37582.1,14977.01
2026-03,sector,Construction ,2,899.37,899.37,260.49
2026-03,sector,Inland Waterways,2,5546.18,5258.15,4340.0
2026-03,sector,"Tourism, Hospitality & Wellness",1,573.0,1238.05,611.24
2026-03,sector,Logistics Infrastructure,1,763.0,763.0,430.0
2026-03,state,Maharashtra,212,542172.58,666446.46,428925.08
2026-03,state,Uttar Pradesh,177,396749.25,472008.46,262117.33
2026-03,state,Andhra Pradesh,138,211024.61,264097.7,143210.64
2026-03,state,Bihar,129,246061.51,256634.85,102049.23
2026-03,state,Madhya Pradesh,123,307764.77,318694.68,121098.26
2026-03,state,Gujarat,122,421445.52,523895.4,383975.92
2026-03,state,Karnataka,118,197250.72,216195.46,109559.32
2026-03,state,Odisha,108,209629.14,225905.05,122551.83
2026-03,state,Jharkhand,104,201981.94,212953.77,86550.63
2026-03,state,Telangana,89,85852.0,105464.41,51531.67
2026-03,state,Assam,88,120333.35,156431.72,100535.52
2026-03,state,West Bengal,84,150362.19,164314.55,79175.37
2026-03,state,Rajasthan,81,250081.55,361596.29,267985.62
2026-03,state,Chhattisgarh,78,145258.09,155650.93,65870.18
2026-03,state,Tamil Nadu,70,176925.25,185610.61,68652.31
2026-03,state,Punjab,53,86902.9,93488.75,44058.79
2026-03,state,Uttarakhand,51,73824.5,83851.77,51397.53
2026-03,state,Jammu & Kashmir,47,60382.03,66609.58,31106.24
2026-03,state,Haryana,43,166862.27,246832.68,186922.28
2026-03,state,Manipur,36,42345.22,51574.84,36934.81
2026-03,state,Kerala,32,72129.16,83910.38,29787.27
2026-03,state,Himachal Pradesh,32,42738.35,53032.35,22247.89
2026-03,state,Mizoram,25,29497.41,31230.64,15053.26
2026-03,state,Nagaland,25,29857.31,32000.03,19738.13
2026-03,state,Delhi,23,123354.9,128248.94,57607.13
2026-03,state,Arunachal Pradesh,22,66941.63,91921.74,48506.43
2026-03,state,Sikkim,17,33314.72,42915.98,32720.04
2026-03,state,Meghalaya,16,21991.77,23362.29,13943.25
2026-03,state,Tripura,13,21323.04,22858.42,13214.17
2026-03,state,Goa,7,7789.73,7943.74,6800.9
2026-03,state,Puducherry,6,8358.94,8576.63,3952.36
2026-03,state,Dadra & Nagar Haveli and Daman & Diu,5,114864.06,115648.07,95662.59
2026-03,state,Andaman & Nicobar,4,863.85,1291.36,0.0
2026-03,state,Ladakh,4,1664.27,1824.27,1326.9
2026-03,progress_slab,0,246,527250.99,525157.16,33477.02
2026-03,progress_slab,10,127,283340.18,287100.93,32701.1
2026-03,progress_slab,20,116,233499.83,230340.27,38049.1
2026-03,progress_slab,30,111,165888.54,171676.34,48815.73
2026-03,progress_slab,40,113,170075.47,170962.47,64685.15
2026-03,progress_slab,50,124,309284.34,323798.66,192838.85
2026-03,progress_slab,60,131,172395.76,184951.08,95218.23
2026-03,progress_slab,70,162,291014.15,327206.06,211064.46
2026-03,progress_slab,80,222,419257.32,650393.85,333254.12
2026-03,progress_slab,90,493,936830.54,1191881.34,896913.7
2026-03,progress_slab,100,96,80024.05,86690.88,45946.17
2026-03,portfolio,All projects,0,3588861.0,4150159.0,1992964.0
2026-04,sector,Roads & Highways,1137,1054522.87,1081116.4,369901.55
2026-04,sector,Railways,262,721622.11,874475.87,581285.76
2026-04,sector,Coal,119,187695.91,185433.9,49332.89
2026-04,sector,Oil & Gas,96,370568.19,399477.52,201674.19
2026-04,sector,Transmission & Distribution,69,208869.73,214833.3,69254.78
2026-04,sector,Electricity Generation,40,340779.84,396049.45,159974.75
2026-04,sector,Water Resources,40,117255.04,220989.2,160182.16
2026-04,sector,Healthcare,34,20123.91,24551.24,9946.63
2026-04,sector,Education,31,16072.15,15519.97,8884.64
2026-04,sector,Urban Public Transport,27,315168.47,335923.7,181938.72
2026-04,sector,Waste & Water,27,8620.41,8719.69,5132.31
2026-04,sector,Aviation & Aviation Infrastructure,26,21600.76,22814.76,10762.01
2026-04,sector,Steel,18,17811.66,21049.95,10073.03
2026-04,sector,Energy Storage,16,80623.3,119393.82,101617.3
2026-04,sector,Telecommunication,12,151125.15,273253.44,77035.7
2026-04,sector,Real Estate,11,49336.1,49382.13,15783.85
2026-04,sector,Metals & Mining,6,9689.36,13843.37,7462.32
2026-04,sector,Shipping,5,13572.5,13613.11,10569.44
2026-04,sector,Construction ,2,899.37,899.37,260.49
2026-04,sector,"Tourism, Hospitality & Wellness",1,573.0,1238.05,614.91
2026-04,sector,Inland Waterways,1,5369.18,5061.15,3990.06
2026-04,sector,Logistics Infrastructure,1,763.0,763.0,430.0
2026-04,state,Maharashtra,213,542567.88,667045.23,431680.03
2026-04,state,Uttar Pradesh,182,401452.12,476742.08,266899.6
2026-04,state,Andhra Pradesh,142,218753.69,271824.5,146693.06
2026-04,state,Bihar,133,257120.33,267926.01,105218.06
2026-04,state,Madhya Pradesh,125,309604.06,322477.61,124125.98
2026-04,state,Karnataka,123,222193.94,241138.68,113040.36
2026-04,state,Gujarat,123,425591.21,527736.01,388320.33
2026-04,state,Odisha,113,223598.41,239874.32,125308.58
2026-04,state,Jharkhand,105,201577.27,212549.1,87527.84
2026-04,state,Telangana,91,87533.63,107153.24,52339.46
2026-04,state,Assam,90,122133.56,158231.93,102650.67
2026-04,state,West Bengal,82,147446.81,161399.17,79608.82
2026-04,state,Rajasthan,81,255480.73,366995.47,272004.83
2026-04,state,Chhattisgarh,78,145258.09,156041.9,66976.2
2026-04,state,Tamil Nadu,70,177373.73,187518.08,71112.04
2026-04,state,Punjab,56,90524.59,97124.01,47644.83
2026-04,state,Uttarakhand,51,73824.5,83906.8,51788.57
2026-04,state,Jammu & Kashmir,47,60382.03,66609.58,31898.6
2026-04,state,Haryana,42,166649.08,246619.49,188087.0
2026-04,state,Manipur,36,42345.22,51574.84,37075.91
2026-04,state,Himachal Pradesh,34,45627.3,55947.21,25144.55
2026-04,state,Kerala,33,75934.16,88105.38,31194.14
2026-04,state,Arunachal Pradesh,25,89510.4,114490.51,49213.84
2026-04,state,Mizoram,25,29497.41,31230.64,15194.92
2026-04,state,Nagaland,25,29857.31,32000.03,20074.39
2026-04,state,Delhi,24,124061.9,128955.94,58781.19
2026-04,state,Meghalaya,18,31620.67,33009.19,15612.23
2026-04,state,Sikkim,17,33314.72,42915.98,33117.78
2026-04,state,Tripura,13,21323.04,22858.42,13645.42
2026-04,state,Goa,8,9681.73,9835.74,6860.9
2026-04,state,Puducherry,6,8358.94,8576.63,4021.18
2026-04,state,Dadra & Nagar Haveli and Daman & Diu,5,114864.06,115648.07,95774.45
2026-04,state,Andaman & Nicobar,4,863.85,1291.36,0.0
2026-04,state,Ladakh,4,1664.27,1824.27,1326.9
2026-04,progress_slab,0,263,583075.57,582366.56,34794.39
2026-04,progress_slab,10,127,317668.64,321832.78,36715.3
2026-04,progress_slab,20,116,230319.33,227753.15,37618.03
2026-04,progress_slab,30,114,176933.31,178976.31,50606.99
2026-04,progress_slab,40,112,159105.36,160386.92,61437.08
2026-04,progress_slab,50,127,321989.11,339429.58,201781.35
2026-04,progress_slab,60,130,171749.23,182225.75,93034.63
2026-04,progress_slab,70,164,275707.43,311631.27,201919.38
2026-04,progress_slab,80,228,449416.6,683948.11,361703.17
2026-04,progress_slab,90,503,947105.92,1204206.73,914361.38
2026-04,progress_slab,100,97,79591.51,85645.23,42135.79
2026-04,portfolio,All projects,0,3712662.0,4278402.0,2036107.0
2026-05,sector,Roads & Highways,1149,1067985.07,1094635.48,377507.67
2026-05,sector,Railways,263,731511.35,884365.11,586200.83
2026-05,sector,Coal,115,185701.68,183439.68,48864.71
2026-05,sector,Oil & Gas,93,362529.04,393367.52,383046.09
2026-05,sector,Transmission & Distribution,67,203895.17,209858.74,66309.18
2026-05,sector,Healthcare,44,22607.43,27023.24,11466.3
2026-05,sector,Electricity Generation,38,350855.86,401582.33,140525.21
2026-05,sector,Water Resources,32,98109.28,199839.51,141119.02
2026-05,sector,Education,31,16072.15,15519.97,8928.23
2026-05,sector,Urban Public Transport,29,307834.71,326438.39,171812.91
2026-05,sector,Aviation & Aviation Infrastructure,26,21600.76,22814.76,11077.33
2026-05,sector,Waste & Water,24,8025.62,8124.9,4799.14
2026-05,sector,Steel,18,17811.66,21049.95,10473.83
2026-05,sector,Energy Storage,16,80623.3,120393.82,103092.24
2026-05,sector,Telecommunication,12,151125.15,253046.55,76237.25
2026-05,sector,Real Estate,12,50257.76,50323.91,16545.75
2026-05,sector,Metals & Mining,6,9689.36,13843.37,7513.8
2026-05,sector,Shipping,6,14404.75,14445.36,10819.98
2026-05,sector,Logistics Infrastructure,2,2243.0,2243.0,430.0
2026-05,sector,Construction ,2,899.37,899.37,260.49
2026-05,sector,"Tourism, Hospitality & Wellness",1,573.0,1238.05,624.41
2026-05,sector,Inland Waterways,1,5369.18,5061.15,4028.82
2026-05,state,Maharashtra,205,521462.52,642158.98,407388.94
2026-05,state,Uttar Pradesh,184,388034.22,457808.07,248166.69
2026-05,state,Andhra Pradesh,143,228642.93,278504.38,146835.88
2026-05,state,Bihar,139,258849.5,269682.21,170070.61
2026-05,state,Karnataka,125,223763.73,243500.03,114679.26
2026-05,state,Madhya Pradesh,123,301111.72,312601.55,118661.28
2026-05,state,Gujarat,120,404930.59,502546.03,429751.34
2026-05,state,Odisha,111,215275.01,228930.81,180899.67
2026-05,state,Jharkhand,106,203350.13,212112.6,87777.1
2026-05,state,Telangana,92,116841.13,135482.35,51868.95
2026-05,state,Assam,88,121578.03,160340.31,103212.42
2026-05,state,Rajasthan,82,255345.98,366860.72,272514.02
2026-05,state,West Bengal,80,144731.31,158710.71,80039.81
2026-05,state,Chhattisgarh,78,140560.91,147724.61,60132.72
2026-05,state,Tamil Nadu,70,179008.86,189153.21,72169.19
2026-05,state,Punjab,56,90524.59,97124.01,48544.54
2026-05,state,Uttarakhand,51,73824.5,83906.8,52477.24
2026-05,state,Jammu & Kashmir,50,61860.01,68087.56,32966.1
2026-05,state,Haryana,42,166649.08,246619.49,189761.75
2026-05,state,Manipur,36,42345.22,51574.84,37353.36
2026-05,state,Himachal Pradesh,34,45627.3,55947.21,25641.19
2026-05,state,Kerala,33,75934.16,88105.38,32060.72
2026-05,state,Mizoram,26,29668.37,31401.6,15225.68
2026-05,state,Nagaland,26,30182.31,32325.03,20517.04
2026-05,state,Arunachal Pradesh,25,89510.4,113511.64,49441.08
2026-05,state,Delhi,24,124061.9,128955.94,60482.4
2026-05,state,Meghalaya,19,31809.67,32406.69,15755.49
2026-05,state,Sikkim,17,33314.72,42915.98,33457.38
2026-05,state,Tripura,13,21323.04,22858.42,13713.62
2026-05,state,Goa,9,10428.48,10582.49,6890.31
2026-05,state,Puducherry,6,8358.94,8576.63,4070.73
2026-05,state,Ladakh,5,1989.27,2149.27,1470.74
2026-05,state,Andaman & Nicobar,4,863.85,1311.48,37.35
2026-05,state,Dadra & Nagar Haveli and Daman & Diu,3,110107.8,110891.81,91712.36
2026-05,progress_slab,0,273,579493.42,577931.32,31024.56
2026-05,progress_slab,10,124,325378.75,333731.6,37054.86
2026-05,progress_slab,20,114,236240.42,232284.65,38468.15
2026-05,progress_slab,30,109,199503.93,196967.36,53540.01
2026-05,progress_slab,40,111,158712.45,163829.59,65475.37
2026-05,progress_slab,50,126,207085.9,225632.21,101970.91
2026-05,progress_slab,60,132,283553.24,294126.92,189575.66
2026-05,progress_slab,70,160,275640.51,308941.56,199042.21
2026-05,progress_slab,80,228,440408.34,657396.52,414753.72
2026-05,progress_slab,90,504,916212.92,1164227.6,1005396.22
2026-05,progress_slab,100,106,87494.77,94484.83,45381.52
2026-05,portfolio,All projects,0,3709725.0,4249554.0,2181683.0
2026-06,sector,Roads & Highways,1022,969676.9,989066.42,448972.5
2026-06,sector,Railways,257,724663.81,873993.52,584469.27
2026-06,sector,Coal,115,184906.26,182644.26,51083.8
2026-06,sector,Oil & Gas,91,362124.04,392962.52,386636.12
2026-06,sector,Transmission & Distribution,64,197615.23,203578.8,65919.46
2026-06,sector,Healthcare,44,22607.43,27023.24,11593.61
2026-06,sector,Electricity Generation,38,350855.86,401582.33,142643.32
2026-06,sector,Water Resources,32,98109.28,199839.51,143454.17
2026-06,sector,Education,31,16072.15,15557.65,8999.62
2026-06,sector,Urban Public Transport,29,307834.71,326438.39,172729.8
2026-06,sector,Aviation & Aviation Infrastructure,25,21345.07,22559.07,11209.22
2026-06,sector,Waste & Water,24,8025.62,8124.9,4806.43
2026-06,sector,Steel,17,17297.84,20536.13,10585.12
2026-06,sector,Telecommunication,15,161792.15,263713.55,79930.24
2026-06,sector,Energy Storage,14,36838.3,40278.82,32754.43
2026-06,sector,Real Estate,12,50257.76,50323.91,16830.34
2026-06,sector,Metals & Mining,6,9689.36,13843.37,7614.91
2026-06,sector,Shipping,6,14404.75,14445.36,10971.96
2026-06,sector,Construction ,2,899.37,899.37,274.71
2026-06,sector,"Tourism, Hospitality & Wellness",1,573.0,1238.05,636.91
2026-06,sector,Inland Waterways,1,5369.18,5061.15,4117.61
2026-06,sector,Logistics Infrastructure,1,763.0,763.0,430.0
2026-06,state,Maharashtra,194,571117.77,815290.57,459002.03
2026-06,state,Uttar Pradesh,170,441003.08,638282.35,302866.4
2026-06,state,Andhra Pradesh,128,277158.69,453184.41,194665.66
2026-06,state,Bihar,128,305608.68,445838.21,226732.2
2026-06,state,Karnataka,123,283484.7,429677.74,181046.19
2026-06,state,Madhya Pradesh,119,356364.49,493723.11,168773.96
2026-06,state,Gujarat,110,455200.03,674691.66,475028.41
2026-06,state,Odisha,107,272475.09,412828.64,233372.65
2026-06,state,Jharkhand,102,259360.86,395966.01,142774.18
2026-06,state,Assam,85,180719.01,346397.51,154385.16
2026-06,state,Telangana,83,171412.07,316440.74,98102.06
2026-06,state,West Bengal,81,205345.79,346201.04,133846.35
2026-06,state,Rajasthan,76,266039.71,465524.18,247042.72
2026-06,state,Chhattisgarh,76,201072.2,334997.67,111839.71
2026-06,state,Tamil Nadu,61,169522.68,179093.24,75074.76
2026-06,state,Punjab,56,150113.33,283672.94,106135.55
2026-06,state,Jammu & Kashmir,50,122485.45,255673.73,84579.7
2026-06,state,Uttarakhand,49,133826.93,270734.79,102065.57
2026-06,state,Haryana,40,223659.87,430125.62,244013.61
2026-06,state,Manipur,38,104099.35,240219.97,87387.17
2026-06,state,Himachal Pradesh,37,108271.19,245446.58,80182.02
2026-06,state,Kerala,35,137688.29,276750.51,102857.28
2026-06,state,Arunachal Pradesh,27,151477.22,302369.46,99006.4
2026-06,state,Nagaland,26,90924.12,219957.84,70816.39
2026-06,state,Delhi,23,121760.37,125613.98,60141.2
2026-06,state,Mizoram,22,88125.62,216605.29,64475.79
2026-06,state,Meghalaya,21,93563.8,221051.82,65796.28
2026-06,state,Sikkim,19,95068.85,231598.79,82982.58
2026-06,state,Tripura,14,82600.55,211002.4,62613.92
2026-06,state,Goa,10,14559.92,14713.93,7795.33
2026-06,state,Puducherry,9,73855.07,200963.76,54955.97
2026-06,state,Ladakh,6,2634.4,2794.4,2028.83
2026-06,state,Andaman & Nicobar,6,62617.98,189956.61,49254.19
2026-06,state,Dadra & Nagar Haveli and Daman & Diu,5,171861.93,299536.94,141356.19
2026-06,state,Chandigarh,2,61754.13,188645.13,49216.84
2026-06,state,Lakshadweep,1,645.13,645.13,407.15
2026-06,progress_slab,0,251,556141.72,555331.67,33314.82
2026-06,progress_slab,10,118,315818.51,320478.33,38230.58
2026-06,progress_slab,20,100,188781.29,189709.92,39556.01
2026-06,progress_slab,30,126,252288.51,251018.98,64166.78
2026-06,progress_slab,40,110,180417.75,180932.95,77332.49
2026-06,progress_slab,50,129,205297.4,226268.94,104613.2
2026-06,progress_slab,60,127,277915.99,284943.1,196018.68
2026-06,progress_slab,70,156,274000.21,308048.03,211714.82
2026-06,progress_slab,80,222,372354.57,465429.28,384049.92
2026-06,progress_slab,90,438,875943.41,1203949.9,997699.45
2026-06,progress_slab,100,70,62761.71,68362.22,49966.8
2026-06,portfolio,All projects,0,3561721.0,4054473.0,2196664.0
2026-07,sector,Roads & Highways,993,945370.67,961717.26,460544.81
2026-07,sector,Railways,192,469207.22,643472.79,461968.46
2026-07,sector,Coal,115,184577.77,182551.43,52368.66
2026-07,sector,Oil & Gas,91,362394.1,394917.26,204670.66
2026-07,sector,Transmission & Distribution,63,197390.82,203354.39,68896.68
2026-07,sector,Healthcare,44,23349.5,28174.66,12038.92
2026-07,sector,Electricity Generation,39,389213.86,439435.72,146799.71
2026-07,sector,Education,31,16072.15,15585.01,9209.81
2026-07,sector,Telecommunication,31,207194.71,133825.11,102879.15
2026-07,sector,Water Resources,30,96487.38,197109.95,140510.51
2026-07,sector,Urban Public Transport,30,320872.37,339476.05,178627.24
2026-07,sector,Steel,26,24624.69,28206.53,12876.92
2026-07,sector,Aviation & Aviation Infrastructure,25,21345.07,22771.55,11586.47
2026-07,sector,Waste & Water,23,7789.67,7888.95,4588.48
2026-07,sector,Real Estate,15,54229.87,54296.02,16984.69
2026-07,sector,Energy Storage,12,25151.96,28440.82,23048.58
2026-07,sector,Metals & Mining,6,9689.36,13843.37,7692.85
2026-07,sector,Shipping,4,7572.5,7613.11,5245.77
2026-07,sector,Construction ,2,899.37,899.37,287.63
2026-07,sector,"Tourism, Hospitality & Wellness",1,573.0,1238.05,656.38
2026-07,sector,Inland Waterways,1,5369.18,5061.15,4187.19
2026-07,sector,Logistics Infrastructure,1,763.0,763.0,430.0
2026-07,state,Maharashtra,182,535255.42,601442.86,454254.95
2026-07,state,Uttar Pradesh,168,536436.18,548156.03,342271.33
2026-07,state,Bihar,126,338139.67,292208.33,187800.74
2026-07,state,Andhra Pradesh,119,283186.58,272612.62,195586.79
2026-07,state,Madhya Pradesh,118,390076.67,356952.02,193669.34
2026-07,state,Karnataka,113,293274.81,242198.55,176779.95
2026-07,state,Odisha,108,305157.53,261313.62,183622.73
2026-07,state,Jharkhand,103,291510.24,240249.36,163628.88
2026-07,state,Gujarat,99,463616.39,503175.72,418591.89
2026-07,state,West Bengal,78,232645.9,184454.21,141576.32
2026-07,state,Chhattisgarh,77,237317.76,185007.66,140530.15
2026-07,state,Assam,76,203460.11,189628.59,167803.92
2026-07,state,Telangana,75,202755.04,156938.14,111438.38
2026-07,state,Rajasthan,74,316591.24,332166.69,272259.78
2026-07,state,Tamil Nadu,65,220043.25,221723.72,106817.51
2026-07,state,Punjab,53,170769.4,120178.12,118033.04
2026-07,state,Uttarakhand,52,146179.29,96740.21,103701.12
2026-07,state,Jammu & Kashmir,52,172125.46,119458.58,114037.36
2026-07,state,Manipur,40,144492.91,94399.49,111448.86
2026-07,state,Haryana,39,234235.61,254819.13,240928.74
2026-07,state,Himachal Pradesh,37,143839.41,96645.29,102900.15
2026-07,state,Kerala,37,184024.2,134483.68,128395.07
2026-07,state,Arunachal Pradesh,28,191374.31,156136.84,123875.42
2026-07,state,Nagaland,27,129193.98,80660.77,93688.27
2026-07,state,Mizoram,24,128119.18,70384.69,88640.23
2026-07,state,Meghalaya,22,125233.08,66616.46,88358.56
2026-07,state,Sikkim,21,134454.41,84759.0,107502.01
2026-07,state,Delhi,19,107657.09,111475.47,58309.55
2026-07,state,Tripura,17,131859.11,74046.8,93385.17
2026-07,state,Puducherry,9,73855.07,26440.31,55581.34
2026-07,state,Goa,9,35071.43,23924.15,9844.83
2026-07,state,Ladakh,9,52745.96,41982.8,31642.63
2026-07,state,Andaman & Nicobar,9,112782.54,53907.01,79168.67
2026-07,state,Dadra & Nagar Haveli and Daman & Diu,7,203120.93,144581.78,150644.49
2026-07,state,Chandigarh,3,88070.13,28746.97,57940.41
2026-07,state,Lakshadweep,2,22819.69,22819.69,21099.62
2026-07,progress_slab,0,235,520679.96,523656.51,36962.64
2026-07,progress_slab,10,110,333559.66,337252.14,40496.07
2026-07,progress_slab,20,116,176119.12,175266.22,41574.28
2026-07,progress_slab,30,106,222528.44,218799.28,56618.77
2026-07,progress_slab,40,112,180353.9,191728.69,76767.11
2026-07,progress_slab,50,127,197225.98,218011.58,103958.02
2026-07,progress_slab,60,121,259592.16,268577.11,186387.0
2026-07,progress_slab,70,153,216613.34,265994.58,176396.56
2026-07,progress_slab,80,209,349302.72,443927.17,307776.97
2026-07,progress_slab,90,425,858772.7,1007796.77,855181.8
2026-07,progress_slab,100,61,55390.24,59631.5,43980.35
2026-07,portfolio,All projects,0,3370138.0,3710642.0,1926100.0
2026-08,sector,Roads & Highways,982,937452.25,951925.66,510396.35
2026-08,sector,Railways,149,229287.89,319237.79,188417.6
2026-08,sector,Coal,116,184951.95,182925.61,49816.65
2026-08,sector,Oil & Gas,104,379839.57,412877.73,206954.5
2026-08,sector,Transmission & Distribution,67,207446.47,213410.04,72152.52
2026-08,sector,Electricity Generation,39,389213.86,439435.72,149819.39
2026-08,sector,Healthcare,33,20618.5,25443.66,10886.69
2026-08,sector,Education,32,16152.08,15687.54,8926.17
2026-08,sector,Telecommunication,31,158794.71,133825.11,64410.07
2026-08,sector,Water Resources,30,96487.38,195811.6,140895.38
2026-08,sector,Urban Public Transport,29,297736.37,302200.05,144664.19
2026-08,sector,Aviation & Aviation Infrastructure,26,21825.13,23251.61,11903.84
2026-08,sector,Steel,26,24624.69,28206.53,13363.58
2026-08,sector,Waste & Water,23,7789.67,7888.95,4786.0
2026-08,sector,Real Estate,15,54229.87,54296.02,17188.55
2026-08,sector,Energy Storage,13,25585.08,28873.94,23358.06
2026-08,sector,Metals & Mining,8,10103.71,14257.72,7806.61
2026-08,sector,Shipping,4,7572.5,7613.11,5404.77
2026-08,sector,Construction ,2,899.37,899.37,305.27
2026-08,sector,Logistics Infrastructure,1,763.0,763.0,430.0
2026-08,sector,"Tourism, Hospitality & Wellness",1,573.0,1238.05,674.35
2026-08,state,Maharashtra,180,317624.21,342458.78,164512.93
2026-08,state,Uttar Pradesh,160,445154.49,432285.86,188484.05
2026-08,state,Madhya Pradesh,121,356959.46,370946.13,156757.25
2026-08,state,Andhra Pradesh,118,254920.82,290632.8,165164.16
2026-08,state,Bihar,117,304728.05,306912.13,158649.12
2026-08,state,Karnataka,112,250022.26,245314.19,161643.58
2026-08,state,Jharkhand,103,268727.51,265827.54,130033.2
2026-08,state,Odisha,102,276640.64,280832.56,152665.44
2026-08,state,Gujarat,96,268554.15,282728.11,163717.59
2026-08,state,Assam,76,177515.22,211956.18,138850.47
2026-08,state,Chhattisgarh,75,209082.31,201950.63,101464.9
2026-08,state,West Bengal,75,198580.27,194439.17,94955.62
2026-08,state,Telangana,73,177901.05,179358.08,83385.5
2026-08,state,Rajasthan,69,229881.15,219766.07,109043.61
2026-08,state,Tamil Nadu,65,241733.51,244517.97,115025.37
2026-08,state,Punjab,53,146679.17,144487.89,89945.83
2026-08,state,Uttarakhand,52,122107.16,121068.08,76795.15
2026-08,state,Jammu & Kashmir,52,148268.04,144001.16,88314.77
2026-08,state,Kerala,40,161166.27,160761.44,99403.08
2026-08,state,Haryana,39,159279.16,155358.68,88001.47
2026-08,state,Manipur,39,119928.94,118235.52,81409.0
2026-08,state,Himachal Pradesh,37,119731.98,120889.39,74076.28
2026-08,state,Arunachal Pradesh,34,173263.75,186426.28,95627.49
2026-08,state,Nagaland,26,104716.28,104583.07,64311.31
2026-08,state,Mizoram,24,103396.64,94062.15,58824.3
2026-08,state,Meghalaya,21,99884.01,89539.87,57744.62
2026-08,state,Sikkim,21,102721.96,97528.5,67296.53
2026-08,state,Tripura,18,108003.66,98591.35,64080.67
2026-08,state,Delhi,17,122994.04,124918.26,55751.14
2026-08,state,Goa,10,59615.98,48468.7,19522.61
2026-08,state,Andaman & Nicobar,10,88927.09,78451.56,49855.33
2026-08,state,Ladakh,9,76965.51,66202.35,40731.64
2026-08,state,Puducherry,9,49381.28,50440.52,25729.11
2026-08,state,Dadra & Nagar Haveli and Daman & Diu,7,71265.48,61126.33,30461.4
2026-08,state,Chandigarh,4,64214.68,53291.52,28627.07
2026-08,state,Lakshadweep,3,47364.24,47364.24,30275.97
2026-08,progress_slab,0,229,538417.06,541393.61,38461.81
2026-08,progress_slab,10,119,325650.38,329473.27,42502.9
2026-08,progress_slab,20,114,161043.9,158660.04,34828.8
2026-08,progress_slab,30,103,212089.96,210872.98,58334.29
2026-08,progress_slab,40,108,175820.2,185825.24,75737.64
2026-08,progress_slab,50,118,197252.86,216413.36,107687.25
2026-08,progress_slab,60,127,152246.14,161036.59,111948.5
2026-08,progress_slab,70,148,211367.88,258472.11,173783.67
2026-08,progress_slab,80,188,315480.62,402521.32,280491.91
2026-08,progress_slab,90,423,732882.24,842150.92,667547.83
2026-08,progress_slab,100,54,49695.81,53249.37,41235.94
2026-08,portfolio,All projects,0,3071947.0,3360069.0,1632561.0
